{
  "best_epoch": 1,
  "best_val_mae": 4.460068702697754,
  "test_metrics": {
    "loss": 5.4583287556966145,
    "regression_loss": 3.7741893609364827,
    "classification_loss": 1.3465761423110962,
    "contrastive_loss": 3.369505008061727,
    "mae": 4.266751766204834,
    "rmse": 4.8283233642578125,
    "spearman": -0.2044655634949277,
    "accuracy": 0.35,
    "f1": 0.12962962962962962
  }
}