{
  "best_epoch": 1,
  "best_val_mae": 3.3898489475250244,
  "test_metrics": {
    "loss": 4.357779026031494,
    "regression_loss": 2.7211832205454507,
    "classification_loss": 1.2818731334474351,
    "contrastive_loss": 3.318864107131958,
    "mae": 3.203301429748535,
    "rmse": 3.6998255252838135,
    "spearman": 0.21099044816014612,
    "accuracy": 0.3888888888888889,
    "f1": 0.14
  }
}